X,Y,OBJECTID,NCESSCH,SURVYEAR,STABR,LEAID,ST_LEAID,LEA_NAME,SCH_NAME,LSTREET1,LSTREET2,LCITY,LSTATE,LZIP,LZIP4,PHONE,GSLO,GSHI,VIRTUAL,TOTFRL,FRELCH,REDLCH,PK,KG,G01,G02,G03,G04,G05,G06,G07,G08,G09,G10,G11,G12,G13,TOTAL,MEMBER,AM,HI,BL,WH,HP,TR,FTE,LATCOD,LONCOD,ULOCALE,NMCNTY,STUTERATIO,TITLEI,STITLEI,AMALM,AMALF,ASALM,ASALF,HIALM,HIALF,BLALM,BLALF,WHALM,WHALF,HPALM,HPALF,TRALM,TRALF,TOTMENROL,TOTFENROL,STATUS,UG,AE,SCHOOL_TYPE_TEXT,SY_STATUS_TEXT,SCHOOL_LEVEL,AS,CHARTER_TEXT,MAGNET_TEXT
-16626432.9157,8771252.3797,1,020051000480,2018-2019,AK,0200510,AK-33,Matanuska-Susitna Borough School District,John Shaw Elementary,3750 E Paradise Ln,?,Wasilla,AK,99654,    ,(907)352-0500,PK,05,Not Virtual,205,178,27,14,95,80,70,87,64,58,?,?,?,?,?,?,?,?,468,468,56,12,4,367,4,22,25.1000003814697,61.62714,-149.357863,41-Rural: Fringe,Matanuska-Susitna Borough,18.6,1-Yes,1-Yes,34,22,1,2,6,6,2,2,199,168,2,2,11,11,255,213,1,?,?,Regular school,Currently operational ,Elementary,3,No,No
-17449798.9956,11505802.9799,2,020061000470,2018-2019,AK,0200610,AK-36,North Slope Borough School District,Kiita Learning Community,5246 Karluk St,?,Utqiagvik,AK,99723,    ,(907)852-9677,09,12,Not Virtual,16,14,2,?,?,?,?,?,?,?,?,?,?,0,2,10,29,?,41,41,35,1,0,2,1,2,3.70000004768372,71.300337,-156.754238,33-Town: Remote,North Slope Borough,11.1,1-Yes,1-Yes,23,12,0,0,1,0,0,0,0,2,1,0,0,2,25,16,1,?,?,Alternative/other school,Currently operational ,High,0,No,No
-16817056.6727,8509991.0374,3,020039000448,2018-2019,AK,0200390,AK-24,Kenai Peninsula Borough School District,Soldotna Montessori Charter School,158 E Park Ave,?,Soldotna,AK,99669,    ,(907)260-9221,KG,06,Not Virtual,45,25,20,?,21,23,23,25,22,24,25,?,?,?,?,?,?,?,163,163,8,5,0,137,0,10,10.3500003814697,60.491445,-151.070167,33-Town: Remote,Kenai Peninsula Borough,15.7,Not Applicable,Not Applicable,4,4,0,3,1,4,0,0,58,79,0,0,4,6,67,96,1,?,?,Regular school,Currently operational ,Elementary,3,Yes,No
-16840313.9125,8527364.8146,4,020039000463,2018-2019,AK,0200390,AK-24,Kenai Peninsula Borough School District,Kaleidoscope School of Arts & Science,549 N Forest Dr,?,Kenai,AK,99611,    ,(907)283-0804,KG,05,Not Virtual,81,58,23,?,40,44,44,42,43,45,?,?,?,?,?,?,?,?,258,258,17,16,3,169,0,50,16.25,60.568277,-151.279143,33-Town: Remote,Kenai Peninsula Borough,15.9,Not Applicable,Not Applicable,12,5,2,1,8,8,3,0,73,96,0,0,23,27,121,137,1,?,?,Regular school,Currently operational ,Elementary,3,Yes,No
-16835102.6058,8527088.2794,5,020039000513,2018-2019,AK,0200390,AK-24,Kenai Peninsula Borough School District,Marathon School,405 Marathon Rd,?,Kenai,AK,99611,    ,(907)335-3343,07,12,Not Virtual,3,-1,-1,?,?,?,?,?,?,?,?,1,1,0,2,2,3,?,9,9,1,0,0,7,0,1,1,60.567003,-151.232337,33-Town: Remote,Kenai Peninsula Borough,9,1-Yes,2-No,1,0,0,0,0,0,0,0,6,1,0,0,0,1,7,2,1,?,?,Alternative/other school,Currently operational ,High,0,No,No
-14819821.6704,7582206.3998,6,020070000526,2018-2019,AK,0200700,AK-44,Southeast Island School District,Whale Pass School,126 Bayview Rd,?,Whale Pass,AK,99950,    ,(907)846-5320,PK,12,Supplemental Virtual,17,17,0,1,1,0,3,1,2,1,2,1,5,1,0,0,0,?,18,18,0,1,0,17,0,0,2.04999995231628,56.119178,-133.12875,43-Rural: Remote,Prince of Wales-Hyder Census Area,8.8,1-Yes,1-Yes,0,0,0,0,1,0,0,0,10,7,0,0,0,0,11,7,1,?,?,Regular school,Currently operational ,Other,0,No,No
-14981888.5536,7862527.9987,7,020073000477,2018-2019,AK,0200730,AK-09,Chatham School District,Chatham Correspondence,500 Big Dog Salmon Way,?,Angoon,AK,99820,    ,(907)788-3302,KG,12,Not Virtual,-9,-9,-9,?,0,1,2,1,0,0,0,0,0,0,1,1,1,?,7,7,0,0,6,1,0,0,0,57.497734,-134.584631,43-Rural: Remote,Hoonah-Angoon Census Area,?,Not Applicable,Not Applicable,0,0,0,0,0,0,3,3,1,0,0,0,0,0,4,3,1,?,?,Regular school,Currently operational ,Other,0,No,No
-16588160.0464,9317706.8224,8,020077000447,2018-2019,AK,0200770,AK-02,Denali Borough School District,Denali PEAK,1 Suntrana St,?,Healy,AK,99743,    ,(907)683-2278,PK,12,Virtual with face to face options,3,-1,-1,44,41,53,45,61,56,60,63,52,67,62,57,49,48,?,758,758,48,91,34,470,8,77,6.65000009536743,63.873423,-149.014066,43-Rural: Remote,Denali Borough,114,Not Applicable,Not Applicable,25,23,16,14,40,51,18,16,245,225,3,5,33,44,380,378,1,?,?,Regular school,Currently operational ,Other,30,No,No
-18453685.5559,7195743.911,9,020000700004,2018-2019,AK,0200007,AK-56,Aleutians East Borough School District,Akutan School,202 Volcano Dr,?,Akutan,AK,99553,    ,(907)698-2205,PK,12,Not Virtual,3,-1,-1,1,0,4,0,4,1,1,2,4,1,0,0,1,0,?,19,19,13,0,0,3,0,1,2,54.134961,-165.77227,43-Rural: Remote,Aleutians East Borough,9.5,1-Yes,1-Yes,7,6,1,1,0,0,0,0,2,1,0,0,1,0,11,8,1,?,?,Regular school,Currently operational ,Other,2,No,No
-18191652.6285,7333405.6099,10,020000700007,2018-2019,AK,0200007,AK-56,Aleutians East Borough School District,False Pass School,300 Valley Rd,?,False Pass,AK,99583,    ,(907)548-2224,PK,12,Not Virtual,-9,-9,-9,1,1,0,0,1,1,0,2,0,1,0,1,0,0,?,8,8,6,0,0,2,0,0,2,54.853163,-163.418383,43-Rural: Remote,Aleutians East Borough,4,1-Yes,1-Yes,3,3,0,0,0,0,0,0,1,1,0,0,0,0,4,4,1,?,?,Regular school,Currently operational ,Other,0,No,No
-18066683.1831,7371051.9319,11,020000700177,2018-2019,AK,0200007,AK-56,Aleutians East Borough School District,King Cove School,100 Slocum Dr,?,King Cove,AK,99612,0069,(907)497-2354,PK,12,Not Virtual,3,-1,-1,9,5,2,6,7,5,8,6,11,6,2,9,8,9,?,93,93,83,2,0,4,0,0,11,55.04728,-162.29577,43-Rural: Remote,Aleutians East Borough,8.5,1-Yes,2-No,44,39,3,1,1,1,0,0,2,2,0,0,0,0,50,43,1,?,?,Regular school,Currently operational ,Other,4,No,No
-17864074.1001,7430422.2728,12,020000700461,2018-2019,AK,0200007,AK-56,Aleutians East Borough School District,Sand Point School,123 Red Cove Rd,?,Sand Point,AK,99661,    ,(907)383-2393,PK,12,Not Virtual,3,-1,-1,10,9,5,9,9,14,5,10,9,11,5,4,10,5,?,115,115,81,2,0,12,8,2,14,55.351546,-160.475841,43-Rural: Remote,Aleutians East Borough,8.2,1-Yes,2-No,43,38,4,6,2,0,0,0,6,6,4,4,0,2,59,56,1,?,?,Regular school,Currently operational ,Other,10,No,No
-18873538.8649,7679298.9475,13,020067000307,2018-2019,AK,0200670,AK-40,Pribilof School District,St George School,#1 Elementary,?,St George,AK,99591,    ,(907)859-2228,M ,M ,N,-2,-2,-2,?,?,?,?,?,?,?,?,?,?,?,?,?,?,?,?,?,?,?,?,?,?,?,?,56.602558,-169.543863,43-Rural: Remote,Aleutians West Census Area,-2,Missing,Missing,?,?,?,?,?,?,?,?,?,?,?,?,?,?,-2,-2,6,?,?,Regular school,School temporarily closed,Not reported,?,No,Missing
-18955391.032,7784872.018,14,020067000308,2018-2019,AK,0200670,AK-40,Pribilof School District,St Paul School,930 Tolstoi,?,St. Paul,AK,99660,    ,(907)546-3337,PK,12,Virtual with face to face options,3,-1,-1,10,7,1,6,5,6,7,10,6,4,1,2,3,4,?,72,72,71,1,0,0,0,0,4.34999990463257,57.120896,-170.279219,43-Rural: Remote,Aleutians West Census Area,16.6,1-Yes,1-Yes,41,30,0,0,1,0,0,0,0,0,0,0,0,0,42,30,1,?,?,Regular school,Currently operational ,Other,0,No,No
-18537188.7628,7145400.4225,15,020072000340,2018-2019,AK,0200720,AK-47,Unalaska City School District,Eagle's View Elementary School,503 East Broadway,?,Unalaska,AK,99685,    ,(907)581-3979,PK,06,Not Virtual,60,44,16,0,32,35,31,40,35,31,26,?,?,?,?,?,?,?,230,230,26,26,6,61,13,0,15.3999996185303,53.86895,-166.522459,43-Rural: Remote,Aleutians West Census Area,14.9,1-Yes,2-No,10,16,54,44,10,16,1,5,29,32,6,7,0,0,110,120,1,?,?,Regular school,Currently operational ,Elementary,98,No,No
-18537990.5023,7146080.3157,16,020072000661,2018-2019,AK,0200720,AK-47,Unalaska City School District,Unalaska Jr/Sr High School,55 E Broadway,?,Unalaska,AK,99685,    ,(907)581-1222,07,12,Not Virtual,33,24,9,?,?,?,?,?,?,?,?,30,29,30,25,40,34,?,188,188,25,20,2,34,9,0,14.3999996185303,53.872671,-166.529624,43-Rural: Remote,Aleutians West Census Area,13.1,1-Yes,2-No,9,16,51,47,10,10,1,1,20,14,4,5,0,0,95,93,1,?,?,Regular school,Currently operational ,High,98,No,No
-18064536.1519,8593172.3293,17,020000100206,2018-2019,AK,0200001,AK-31,Lower Kuskokwim School District,Joann A. Alexie Memorial School,101 Village Rd,?,Atmautluak,AK,99559,    ,(907)553-5112,PK,12,Supplemental Virtual,114,114,0,9,15,8,8,6,3,11,8,12,6,13,7,7,8,?,121,121,121,0,0,0,0,0,7.8600001335144,60.857371,-162.276467,43-Rural: Remote,Bethel Census Area,15.4,1-Yes,1-Yes,57,64,0,0,0,0,0,0,0,0,0,0,0,0,57,64,1,?,?,Regular school,Currently operational ,Other,0,No,No
-18008230.9383,8581072.0102,18,020000100207,2018-2019,AK,0200001,AK-31,Lower Kuskokwim School District,Gladys Jung Elementary,1007 Ron Edwards Memorial Dr,?,Bethel,AK,99559,    ,(907)543-4440,03,06,Supplemental Virtual,299,299,0,?,?,?,?,84,89,72,85,?,?,?,?,?,?,?,330,330,281,5,1,37,0,2,21.5,60.804358,-161.770708,41-Rural: Fringe,Bethel Census Area,15.3,1-Yes,1-Yes,129,152,2,2,4,1,0,1,20,17,0,0,1,1,156,174,1,?,?,Regular school,Currently operational ,Elementary,4,No,No
-18008196.9663,8580654.1545,19,020000100208,2018-2019,AK,0200001,AK-31,Lower Kuskokwim School District,Bethel Regional High School,1006 Ron Edwards Memorial Dr,?,Bethel,AK,99559,    ,(907)543-3957,07,12,Supplemental Virtual,393,393,0,?,?,?,?,?,?,?,?,110,103,117,52,51,61,?,494,494,435,8,1,38,0,2,34.9700012207031,60.802584,-161.770398,41-Rural: Fringe,Bethel Census Area,14.1,1-Yes,1-Yes,227,208,6,4,5,3,0,1,20,18,0,0,1,1,259,235,1,?,?,Regular school,Currently operational ,High,10,No,No
-18287813.8073,8434935.3792,20,020000100209,2018-2019,AK,0200001,AK-31,Lower Kuskokwim School District,Chaputnguak School,102 Village Rd,?,Chefornak,AK,99561,    ,(907)867-8700,PK,12,Supplemental Virtual,141,141,0,1,9,11,8,11,10,11,10,17,15,9,11,12,5,?,140,140,139,0,0,1,0,0,10,60.157612,-164.282245,43-Rural: Remote,Bethel Census Area,14,1-Yes,1-Yes,70,69,0,0,0,0,0,0,0,1,0,0,0,0,70,70,1,?,?,Regular school,Currently operational ,Other,0,No,No
-18260629.4029,8385619.0716,21,020000100210,2018-2019,AK,0200001,AK-31,Lower Kuskokwim School District,Chief Paul Memorial School,105 Village Rd,?,Kipnuk,AK,99614,    ,(907)896-5011,PK,12,Supplemental Virtual,207,207,0,3,14,16,18,10,23,11,19,24,20,11,15,15,14,?,213,213,213,0,0,0,0,0,15,59.936533,-164.038046,43-Rural: Remote,Bethel Census Area,14.2,1-Yes,1-Yes,109,104,0,0,0,0,0,0,0,0,0,0,0,0,109,104,1,?,?,Regular school,Currently operational ,Other,0,No,No
-18132507.3547,8390720.4452,22,020000100211,2018-2019,AK,0200001,AK-31,Lower Kuskokwim School District,Ayagina'ar Elitnaurvik,106 Village Rd,?,Kongiganak,AK,99559,    ,(907)557-5551,PK,12,Supplemental Virtual,166,166,0,13,7,13,12,13,16,13,9,15,10,21,11,8,5,?,166,166,165,0,0,0,0,1,10.9700002670288,59.959437,-162.887161,43-Rural: Remote,Bethel Census Area,15.1,1-Yes,1-Yes,93,72,0,0,0,0,0,0,0,0,0,0,1,0,94,72,1,?,?,Regular school,Currently operational ,Other,0,No,No
-18162633.7354,8372420.7397,23,020000100212,2018-2019,AK,0200001,AK-31,Lower Kuskokwim School District,Kwigillingok School,108 Village Rd,?,Kwigillingok,AK,99622,    ,(907)588-8629,PK,12,Supplemental Virtual,140,140,0,19,10,9,9,10,8,9,7,14,8,6,11,8,12,?,140,140,138,0,1,0,0,1,8,59.877153,-163.157701,43-Rural: Remote,Bethel Census Area,17.5,1-Yes,1-Yes,71,67,0,0,0,0,0,1,0,0,0,0,0,1,71,69,1,?,?,Regular school,Currently operational ,Other,0,No,No
-18379850.7838,8519390.9635,24,020000100213,2018-2019,AK,0200001,AK-31,Lower Kuskokwim School District,Nelson Island Area School,101 Sunny Side Rd,?,Toksook Bay,AK,99637,    ,(907)427-7815,PK,12,Supplemental Virtual,184,184,0,2,14,12,15,10,13,16,9,11,13,23,23,10,12,?,183,183,179,0,0,4,0,0,12.8999996185303,60.533031,-165.109016,43-Rural: Remote,Bethel Census Area,14.2,1-Yes,1-Yes,89,90,0,0,0,0,0,0,2,2,0,0,0,0,91,92,1,?,?,Regular school,Currently operational ,Other,0,No,No
-18084552.4617,8602093.1134,25,020000100214,2018-2019,AK,0200001,AK-31,Lower Kuskokwim School District,Anna Tobeluk Memorial School,114 Village Rd,?,Nunapitchuk,AK,99641,    ,(907)527-5701,PK,12,Supplemental Virtual,199,199,0,0,17,13,19,14,19,10,18,18,12,41,6,6,10,?,203,203,202,0,0,1,0,0,13.8900003433228,60.896508,-162.456382,43-Rural: Remote,Bethel Census Area,14.6,1-Yes,1-Yes,102,100,0,0,0,0,0,0,0,1,0,0,0,0,102,101,1,?,?,Regular school,Currently operational ,Other,0,No,No
-18013428.6562,8182999.3683,26,020000100215,2018-2019,AK,0200001,AK-31,Lower Kuskokwim School District,Arviq School,116 Village Rd,?,Platinum,AK,99651,    ,(907)979-8111,KG,12,Supplemental Virtual,7,7,0,?,1,2,1,1,1,2,0,2,3,0,0,0,0,?,13,13,12,0,1,0,0,0,0.600000023841858,59.011976,-161.817408,43-Rural: Remote,Bethel Census Area,21.7,1-Yes,1-Yes,6,6,0,0,0,0,0,1,0,0,0,0,0,0,6,7,1,?,?,Regular school,Currently operational ,Other,0,No,No
-18007619.442,8579150.0719,27,020000100318,2018-2019,AK,0200001,AK-31,Lower Kuskokwim School District,Kuskokwim Learning Academy,1010 4th Ave,?,Bethel,AK,99559,    ,(907)543-5610,08,12,Supplemental Virtual,3,-1,-1,?,?,?,?,?,?,?,?,?,0,10,12,16,22,?,60,60,58,1,0,1,0,0,7.80000019073486,60.796131,-161.765194,33-Town: Remote,Bethel Census Area,7.7,1-Yes,1-Yes,28,30,0,0,1,0,0,0,1,0,0,0,0,0,30,30,1,?,?,Alternative/other school,Currently operational ,High,0,No,No
-18007619.442,8579150.0719,28,020000100329,2018-2019,AK,0200001,AK-31,Lower Kuskokwim School District,Ayaprun Elitnaurvik,1010 Fourth Ave,?,Bethel,AK,99559,    ,(907)543-1645,PK,06,Supplemental Virtual,116,116,0,0,40,29,20,23,20,20,17,?,?,?,?,?,?,?,169,169,165,0,0,4,0,0,9.32999992370605,60.796131,-161.765194,33-Town: Remote,Bethel Census Area,18.1,1-Yes,1-Yes,75,90,0,0,0,0,0,0,3,1,0,0,0,0,78,91,1,?,?,Regular school,Currently operational ,Elementary,0,Yes,No
-18395722.5081,8531403.4193,29,020000100389,2018-2019,AK,0200001,AK-31,Lower Kuskokwim School District,Paul T. Albert Memorial School,120 Village Rd,?,Tununak,AK,99681,    ,(907)652-6827,PK,12,Supplemental Virtual,102,102,0,2,13,5,8,14,6,6,6,7,10,14,7,3,7,?,108,108,108,0,0,0,0,0,6.98000001907349,60.586072,-165.251625,43-Rural: Remote,Bethel Census Area,15.5,1-Yes,1-Yes,60,48,0,0,0,0,0,0,0,0,0,0,0,0,60,48,1,?,?,Regular school,Currently operational ,Other,0,No,No
-18091210.9762,8596703.0422,30,020000100391,2018-2019,AK,0200001,AK-31,Lower Kuskokwim School District,Akula Elitnaurvik School,100 Akula Heights,?,Kasigluk,AK,99609,    ,(907)477-6615,PK,12,Supplemental Virtual,130,130,0,12,9,13,14,7,10,11,11,7,7,11,10,7,5,?,134,134,132,0,0,2,0,0,7.94999980926514,60.872863,-162.516114,43-Rural: Remote,Bethel Census Area,16.9,1-Yes,1-Yes,64,68,0,0,0,0,0,0,1,1,0,0,0,0,65,69,1,?,?,Regular school,Currently operational ,Other,0,No,No
-18036638.3352,8447959.1273,31,020000100392,2018-2019,AK,0200001,AK-31,Lower Kuskokwim School District,Eek School,103 Village Rd,?,Eek,AK,99578,    ,(907)536-5227,PK,12,Supplemental Virtual,101,101,0,13,8,14,8,7,10,8,5,8,11,7,8,7,2,?,116,116,116,0,0,0,0,0,6,60.215856,-162.025873,43-Rural: Remote,Bethel Census Area,19.3,1-Yes,1-Yes,57,59,0,0,0,0,0,0,0,0,0,0,0,0,57,59,1,?,?,Regular school,Currently operational ,Other,0,No,No
-18109032.694,8476478.6836,32,020000100406,2018-2019,AK,0200001,AK-31,Lower Kuskokwim School District,Lewis Angapak Memorial School,119 Village Rd,?,Tuntutuliak,AK,99680,    ,(907)256-2415,PK,12,Supplemental Virtual,139,139,0,1,10,10,6,12,10,11,13,11,8,15,9,11,14,?,141,141,141,0,0,0,0,0,7.96999979019165,60.342864,-162.676324,43-Rural: Remote,Bethel Census Area,17.7,1-Yes,1-Yes,77,64,0,0,0,0,0,0,0,0,0,0,0,0,77,64,1,?,?,Regular school,Currently operational ,Other,0,No,No
-18500098.1195,8486289.4481,33,020000100408,2018-2019,AK,0200001,AK-31,Lower Kuskokwim School District,Nuniwarmiut School,109 Village Rd,?,Mekoryuk,AK,99630,    ,(907)827-8415,PK,12,Supplemental Virtual,50,50,0,7,2,6,1,7,6,4,2,5,1,3,2,3,2,?,51,51,51,0,0,0,0,0,3.79999995231628,60.386521,-166.189218,43-Rural: Remote,Bethel Census Area,13.4,1-Yes,1-Yes,21,30,0,0,0,0,0,0,0,0,0,0,0,0,21,30,1,?,?,Regular school,Currently operational ,Other,0,No,No
-18030516.5785,8555959.5704,34,020000100409,2018-2019,AK,0200001,AK-31,Lower Kuskokwim School District,William Miller Memorial School,110 Village Rd,?,Napakiak,AK,99634,    ,(907)589-2420,PK,12,Supplemental Virtual,92,92,0,12,5,12,6,5,5,12,8,4,6,7,5,5,4,?,96,96,92,0,0,4,0,0,5.98000001907349,60.694191,-161.97091,42-Rural: Distant,Bethel Census Area,16.1,1-Yes,1-Yes,45,47,0,0,0,0,0,0,0,4,0,0,0,0,45,51,1,?,?,Regular school,Currently operational ,Other,0,No,No
-18008421.1815,8581113.797,35,020000100436,2018-2019,AK,0200001,AK-31,Lower Kuskokwim School District,Mikelnguut Elitnaurviat,1005 Raven's Way,?,Bethel,AK,99559,    ,(907)543-2845,PK,02,Supplemental Virtual,257,257,0,72,77,93,89,?,?,?,?,?,?,?,?,?,?,?,331,331,280,2,2,44,0,1,18.5,60.80468,-161.772468,41-Rural: Fringe,Bethel Census Area,17.9,1-Yes,1-Yes,133,147,2,0,1,1,2,0,16,28,0,0,0,1,154,177,1,?,?,Regular school,Currently operational ,Elementary,2,No,No
-17969638.732,8582492.8982,36,020000100438,2018-2019,AK,0200001,AK-31,Lower Kuskokwim School District,Ket'acik/Aapalluk Memorial School,107 Village Rd,?,Kwethluk,AK,99621,    ,(907)757-6014,PK,12,Supplemental Virtual,271,271,0,16,26,16,33,20,17,18,20,26,17,31,16,8,12,?,276,276,276,0,0,0,0,0,18.9400005340576,60.810742,-161.423994,43-Rural: Remote,Bethel Census Area,14.6,1-Yes,1-Yes,143,133,0,0,0,0,0,0,0,0,0,0,0,0,143,133,1,?,?,Regular school,Currently operational ,Other,0,No,No
-18007096.273,8559055.7229,37,020000100439,2018-2019,AK,0200001,AK-31,Lower Kuskokwim School District,Z. John Williams Memorial School,111 Village Rd,?,Napaskiak,AK,99634,    ,(907)737-7212,PK,12,Supplemental Virtual,141,141,0,1,12,11,11,12,13,8,10,11,10,13,11,12,9,?,144,144,143,0,0,1,0,0,13.8500003814697,60.707837,-161.760468,42-Rural: Distant,Bethel Census Area,10.4,1-Yes,1-Yes,80,63,0,0,0,0,0,0,1,0,0,0,0,0,81,63,1,?,?,Regular school,Currently operational ,Other,0,No,No
-18326439.9856,8611346.5018,38,020000100440,2018-2019,AK,0200001,AK-31,Lower Kuskokwim School District,Ayaprun School,112 Village Rd,?,Newtok,AK,99559,    ,(907)237-2505,PK,12,Supplemental Virtual,101,101,0,1,4,5,8,11,9,6,8,11,9,13,7,5,13,?,110,110,110,0,0,0,0,0,8,60.936833,-164.629312,43-Rural: Remote,Bethel Census Area,13.8,1-Yes,1-Yes,49,61,0,0,0,0,0,0,0,0,0,0,0,0,49,61,1,?,?,Regular school,Currently operational ,Other,0,No,No
-18022336.1179,8344664.8858,39,020000100441,2018-2019,AK,0200001,AK-31,Lower Kuskokwim School District,Kuinerrarmiut Elitnaurviat,117 Village Rd,?,Quinhagak,AK,99655,    ,(907)556-8628,PK,12,Supplemental Virtual,222,222,0,3,15,13,16,20,17,16,18,22,21,26,14,11,11,?,223,223,222,0,0,1,0,0,15.7600002288818,59.751599,-161.897479,43-Rural: Remote,Bethel Census Area,14.1,1-Yes,1-Yes,113,109,0,0,0,0,0,0,1,0,0,0,0,0,114,109,1,?,?,Regular school,Currently operational ,Other,0,No,No
-18336815.0383,8506694.9475,40,020000100474,2018-2019,AK,0200001,AK-31,Lower Kuskokwim School District,Negtemiut Elitnaurviat School,113 Village Rd,?,Nightmute,AK,99690,    ,(907)647-6313,PK,12,Supplemental Virtual,-9,-9,-9,15,6,6,6,7,4,5,8,2,9,9,4,2,6,?,89,89,89,0,0,0,0,0,5,60.476896,-164.722417,43-Rural: Remote,Bethel Census Area,17.8,1-Yes,1-Yes,47,42,0,0,0,0,0,0,0,0,0,0,0,0,47,42,1,?,?,Regular school,Currently operational ,Other,0,No,No
-18008298.8823,8562431.0503,41,020000100475,2018-2019,AK,0200001,AK-31,Lower Kuskokwim School District,Qugcuun Memorial School,115 Village Rd,?,Oscarville (Kuiggayagaq),AK,99559,    ,(907)737-7214,PK,12,Supplemental Virtual,19,19,0,0,4,1,2,0,0,1,0,2,2,1,1,0,3,?,17,17,17,0,0,0,0,0,0.800000011920929,60.722684,-161.771339,42-Rural: Distant,Bethel Census Area,21.3,1-Yes,1-Yes,7,10,0,0,0,0,0,0,0,0,0,0,0,0,7,10,1,?,?,Regular school,Currently operational ,Other,0,No,No
-17988350.5165,8206817.8717,42,020000100476,2018-2019,AK,0200001,AK-31,Lower Kuskokwim School District,Rocky Mountain School,121 Village Rd,?,Goodnews Bay,AK,99589,    ,(907)967-8213,PK,12,Supplemental Virtual,64,64,0,0,10,6,6,4,9,6,6,8,4,1,1,1,1,?,63,63,62,0,0,0,0,1,5.19999980926514,59.122128,-161.592127,43-Rural: Remote,Bethel Census Area,12.1,1-Yes,1-Yes,38,24,0,0,0,0,0,0,0,0,0,0,0,1,38,25,1,?,?,Regular school,Currently operational ,Other,0,No,No
-18091564.2851,8601688.0216,43,020000100619,2018-2019,AK,0200001,AK-31,Lower Kuskokwim School District,Akiuk Memorial School,104 Village Rd,?,Kasigluk,AK,99609,    ,(907)477-6829,PK,12,Supplemental Virtual,107,107,0,14,7,4,8,8,4,6,10,6,9,10,7,10,3,?,106,106,104,0,0,2,0,0,5.98999977111816,60.894621,-162.519284,43-Rural: Remote,Bethel Census Area,17.7,1-Yes,1-Yes,54,50,0,0,0,0,0,0,1,1,0,0,0,0,55,51,1,?,?,Regular school,Currently operational ,Other,0,No,No
-18010045.0437,8577061.5818,44,020000100620,2018-2019,AK,0200001,AK-31,Lower Kuskokwim School District,Bethel Youth Facility,Lower Kuskokwim School Dist,?,Bethel,AK,99559,    ,(907)543-5200,05,12,Supplemental Virtual,3,-1,-1,?,?,?,?,?,?,0,0,0,0,7,4,0,1,?,12,12,11,0,0,1,0,0,2,60.786936,-161.786984,33-Town: Remote,Bethel Census Area,6,1-Yes,2-No,11,0,0,0,0,0,0,0,1,0,0,0,0,0,12,0,1,?,?,Alternative/other school,Currently operational ,High,0,No,No
-17972308.9322,8605670.0719,45,020000400579,2018-2019,AK,0200004,AK-54,Yupiit School District,Akiachak School,Akiachak #51100,?,Akiachak,AK,99551,0189,(907)825-3616,KG,12,Not Virtual,205,205,0,?,14,22,12,21,19,13,13,9,17,15,11,24,8,?,198,198,193,0,1,2,0,1,14.8500003814697,60.912005,-161.44806,43-Rural: Remote,Bethel Census Area,13.3,1-Yes,1-Yes,93,100,1,0,0,0,0,1,2,0,0,0,0,1,96,102,1,?,?,Regular school,Currently operational ,Other,1,No,No
-17918130.3665,8648801.24,46,020000400623,2018-2019,AK,0200004,AK-54,Yupiit School District,Tuluksak School,Tuluksak # 115,?,Tuluksak,AK,99679,    ,(907)695-5625,KG,12,Not Virtual,125,125,0,?,10,7,14,6,11,8,15,6,9,12,6,7,8,?,119,119,118,0,1,0,0,0,10,61.099807,-160.961316,43-Rural: Remote,Bethel Census Area,11.9,1-Yes,1-Yes,66,52,0,0,0,0,1,0,0,0,0,0,0,0,67,52,1,?,?,Regular school,Currently operational ,Other,0,No,No
-17947373.4749,8604566.0579,47,020000400624,2018-2019,AK,0200004,AK-54,Yupiit School District,Akiak School,Akiak # 5227,?,Akiak,AK,99552,0049,(907)765-4600,KG,12,Not Virtual,126,126,0,?,13,10,10,11,9,11,9,8,10,8,9,3,9,?,120,120,120,0,0,0,0,0,8,60.907313,-161.223997,43-Rural: Remote,Bethel Census Area,15,1-Yes,1-Yes,57,63,0,0,0,0,0,0,0,0,0,0,0,0,57,63,1,?,?,Regular school,Currently operational ,Other,0,No,No
-17759990.648,8760865.3742,48,020076000346,2018-2019,AK,0200760,AK-29,Kuspuk School District,Auntie Mary Nicoli Elementary,200 Boundary Ave,?,Aniak,AK,99557,    ,(907)675-4363,PK,05,Not Virtual,79,79,0,15,8,7,10,15,14,15,?,?,?,?,?,?,?,?,84,84,79,0,0,4,0,1,0.0700000002980232,61.582634,-159.540751,43-Rural: Remote,Bethel Census Area,1200,1-Yes,1-Yes,35,44,0,0,0,0,0,0,3,1,0,0,1,0,39,45,1,?,?,Regular school,Currently operational ,Elementary,0,No,No
-17727540.5816,8758667.0092,49,020076000347,2018-2019,AK,0200760,AK-29,Kuspuk School District,Crow Village Sam School,202 Blueberry Hill,?,Chuathbaluk,AK,99557,    ,(907)467-4229,PK,12,Not Virtual,27,27,0,4,2,2,5,1,5,1,0,1,2,1,1,0,1,?,26,26,26,0,0,0,0,0,0.0399999991059303,61.573296,-159.249298,43-Rural: Remote,Bethel Census Area,650,1-Yes,1-Yes,13,13,0,0,0,0,0,0,0,0,0,0,0,0,13,13,1,?,?,Regular school,Currently operational ,Other,0,No,No
-17600933.6851,8828309.9941,50,020076000348,2018-2019,AK,0200760,AK-29,Kuspuk School District,Johnnie John Sr. School,203 Mountville Dr,?,Crooked Creek,AK,99575,    ,(907)432-2205,PK,12,Not Virtual,23,23,0,4,0,3,2,1,1,2,3,3,0,2,0,2,0,?,23,23,23,0,0,0,0,0,0.600000023841858,61.869667,-158.11188,43-Rural: Remote,Bethel Census Area,38.3,1-Yes,1-Yes,12,11,0,0,0,0,0,0,0,0,0,0,0,0,12,11,1,?,?,Regular school,Currently operational ,Other,0,No,No
-17851361.773,8744365.3633,51,020076000350,2018-2019,AK,0200760,AK-29,Kuspuk School District,Zackar Levi Elementary,208 Beach Front Rd,?,Lower Kalskag,AK,99626,    ,(907)471-2318,03,05,Not Virtual,44,44,0,?,?,?,?,11,14,19,?,?,?,?,?,?,?,?,44,44,43,0,0,1,0,0,0.0299999993294477,61.512124,-160.361542,43-Rural: Remote,Bethel Census Area,1466.7,1-Yes,1-Yes,22,21,0,0,0,0,0,0,1,0,0,0,0,0,23,21,1,?,?,Regular school,Currently operational ,Elementary,0,No,No
-17496170.7928,8788988.9534,52,020076000352,2018-2019,AK,0200760,AK-29,Kuspuk School District,Jack Egnaty Sr. School,206 River Bend Rd,?,Sleetmute,AK,99668,    ,(907)449-4216,PK,12,Not Virtual,21,21,0,4,1,4,2,2,1,3,0,1,1,0,0,0,2,?,21,21,19,0,0,2,0,0,2,61.70259,-157.170756,43-Rural: Remote,Bethel Census Area,10.5,1-Yes,1-Yes,5,14,0,0,0,0,0,0,0,2,0,0,0,0,5,16,1,?,?,Regular school,Currently operational ,Other,0,No,No
-17431338.604,8808838.3508,53,020076000353,2018-2019,AK,0200760,AK-29,Kuspuk School District,Gusty Michael School,205 Elbow Rd,?,Stony River,AK,99557,    ,(907)537-3225,PK,12,Not Virtual,13,13,0,2,0,2,2,1,3,2,0,0,0,0,1,0,0,?,13,13,13,0,0,0,0,0,0.0199999995529652,61.787082,-156.588355,43-Rural: Remote,Bethel Census Area,650,1-Yes,1-Yes,8,5,0,0,0,0,0,0,0,0,0,0,0,0,8,5,1,?,?,Regular school,Currently operational ,Other,0,No,No
-17846184.4383,8750436.1976,54,020076000491,2018-2019,AK,0200760,AK-29,Kuspuk School District,Joseph S. & Olinga Gregory Elementary,207 Kusko River Rd,?,Kalskag,AK,99607,    ,(907)471-2289,PK,02,Not Virtual,70,70,0,24,14,17,16,?,?,?,?,?,?,?,?,?,?,?,71,71,66,0,0,1,0,4,0.0399999991059303,61.538147,-160.315055,43-Rural: Remote,Bethel Census Area,1775,1-Yes,1-Yes,38,28,0,0,0,0,0,0,0,1,0,0,1,3,39,32,1,?,?,Regular school,Currently operational ,Elementary,0,No,No
-17761200.0517,8760308.5824,55,020076000663,2018-2019,AK,0200760,AK-29,Kuspuk School District,Aniak Jr/Sr High School,201 High School Rd,?,Aniak,AK,99557,    ,(907)675-4330,06,12,Not Virtual,38,38,0,?,?,?,?,?,?,?,13,5,10,5,4,4,5,?,46,46,42,0,0,4,0,0,0.0599999986588955,61.580187,-159.551624,43-Rural: Remote,Bethel Census Area,766.7,1-Yes,1-Yes,25,17,0,0,0,0,0,0,2,2,0,0,0,0,27,19,1,?,?,Regular school,Currently operational ,High,0,No,No
-17849744.7052,8749124.6953,56,020076000665,2018-2019,AK,0200760,AK-29,Kuspuk School District,George Morgan Sr. H.S.,209 Airport Rd,?,Kalskag,AK,99607,    ,(907)471-2288,06,12,Not Virtual,71,71,0,?,?,?,?,?,?,?,14,5,6,16,10,9,11,?,71,71,70,0,0,1,0,0,1.03999996185303,61.532419,-160.347052,43-Rural: Remote,Bethel Census Area,68.3,1-Yes,1-Yes,37,33,0,0,0,0,0,0,1,0,0,0,0,0,38,33,1,?,?,Regular school,Currently operational ,High,0,No,No
-17477669.6347,8122959.6417,57,020003000020,2018-2019,AK,0200030,AK-08,Bristol Bay Borough School District,Bristol Bay Middle/High School,#2 School Road North,?,Naknek,AK,99633,    ,(907)246-4265,07,12,Supplemental Virtual,50,50,0,?,?,?,?,?,?,?,?,8,5,11,6,8,12,?,50,50,35,0,0,11,0,2,4.92000007629395,58.733307,-157.004582,43-Rural: Remote,Bristol Bay Borough,10.2,1-Yes,1-Yes,14,21,1,1,0,0,0,0,8,3,0,0,1,1,24,26,1,?,?,Regular school,Currently operational ,High,2,No,No
-17477669.6347,8122959.6417,58,020003000626,2018-2019,AK,0200030,AK-08,Bristol Bay Borough School District,Naknek Elementary,#2 School Rd North,?,Naknek,AK,99633,    ,(907)246-4265,PK,06,Supplemental Virtual,53,53,0,0,7,8,10,5,8,6,9,?,?,?,?,?,?,?,53,53,39,1,4,5,0,4,4.55000019073486,58.733307,-157.004582,43-Rural: Remote,Bristol Bay Borough,11.6,1-Yes,1-Yes,25,14,0,0,0,1,2,2,0,5,0,0,4,0,31,22,1,?,?,Regular school,Currently operational ,Elementary,0,No,No
-17440422.7201,8114599.3306,59,020048500473,2018-2019,AK,0200485,AK-30,Lake and Peninsula Borough School District,Lakeview Home School,Jensen Dr,?,King Salmon,AK,99613,    ,(907)246-4280,KG,12,Not Virtual,-9,-9,-9,?,0,0,0,0,0,0,0,0,0,0,0,1,0,?,1,1,1,0,0,0,0,0,0.0500000007450581,58.694199,-156.669991,43-Rural: Remote,Bristol Bay Borough,20,Not Applicable,Not Applicable,0,1,0,0,0,0,0,0,0,0,0,0,0,0,0,1,1,?,?,Regular school,Currently operational ,Other,0,No,No
-17640463.519,8189838.3871,60,020012000042,2018-2019,AK,0200120,AK-15,Dillingham City School District,Dillingham Elementary,565 Seward St,?,Dillingham,AK,99576,    ,(907)842-5642,PK,05,Not Virtual,242,242,0,4,37,32,47,33,39,46,?,?,?,?,?,?,?,?,238,238,130,7,0,34,0,66,18.5,59.043634,-158.466969,43-Rural: Remote,Dillingham Census Area,12.9,1-Yes,1-Yes,60,70,0,1,3,4,0,0,16,18,0,0,29,37,108,130,1,?,?,Regular school,Currently operational ,Elementary,1,No,No
-17640218.9205,8189574.2156,61,020012000634,2018-2019,AK,0200120,AK-15,Dillingham City School District,Dillingham Middle/High School,565 Seward St,?,Dillingham,AK,99576,    ,(907)842-5221,06,12,Not Virtual,230,230,0,?,?,?,?,?,?,?,31,34,34,29,36,17,43,?,224,224,115,4,0,24,1,80,19.7299995422363,59.042379,-158.464858,43-Rural: Remote,Dillingham Census Area,11.4,1-Yes,1-Yes,63,52,0,0,2,2,0,0,11,13,1,0,39,41,116,108,1,?,?,Regular school,Currently operational ,High,0,No,No
-17658210.4983,8241439.0191,62,020071000330,2018-2019,AK,0200710,AK-45,Southwest Region School District,Aleknagik School,127 Lake St,?,Aleknagik,AK,99555,    ,(907)842-5681,PK,12,Not Virtual,14,14,0,1,2,1,0,4,1,1,1,1,2,3,3,4,0,?,24,24,21,1,0,0,0,2,4,59.281235,-158.626406,43-Rural: Remote,Dillingham Census Area,6,1-Yes,1-Yes,14,7,0,0,1,0,0,0,0,0,0,0,0,2,15,9,1,?,?,Regular school,Currently operational ,Other,0,No,No
-17649038.0549,8144879.5683,63,020071000331,2018-2019,AK,0200710,AK-45,Southwest Region School District,Clarks Point School,29 Sagayak Ave,?,Clarks Point,AK,99569,    ,(907)236-1218,KG,12,Not Virtual,8,8,0,?,3,4,1,1,2,2,0,0,1,1,0,0,0,?,15,15,14,0,0,1,0,0,1.75,58.835283,-158.544016,43-Rural: Remote,Dillingham Census Area,8.6,1-Yes,1-Yes,8,6,0,0,0,0,0,0,0,1,0,0,0,0,8,7,1,?,?,Regular school,Currently operational ,Other,0,No,No
-17508985.0359,8339096.5676,64,020071000333,2018-2019,AK,0200710,AK-45,Southwest Region School District,Koliganek School,5052 Nushgak Way,?,Koliganek,AK,99576,    ,(907)596-3444,KG,12,Not Virtual,62,62,0,?,4,6,5,6,1,5,5,5,5,5,1,4,1,?,53,53,51,0,0,0,0,2,5.5,59.726411,-157.285912,43-Rural: Remote,Dillingham Census Area,9.6,1-Yes,1-Yes,32,19,0,0,0,0,0,0,0,0,0,0,1,1,33,20,1,?,?,Regular school,Currently operational ,Other,0,No,No
-17694825.5335,8173016.1873,65,020071000335,2018-2019,AK,0200710,AK-45,Southwest Region School District,Manokotak School,130 Heights Rd,?,Manokotak,AK,99628,    ,(907)289-1013,PK,12,Not Virtual,130,130,0,6,9,14,10,9,9,10,11,8,7,10,10,5,9,?,127,127,124,0,0,2,0,1,12.5,58.965845,-158.955297,43-Rural: Remote,Dillingham Census Area,10.2,1-Yes,1-Yes,63,61,0,0,0,0,0,0,1,1,0,0,1,0,65,62,1,?,?,Regular school,Currently operational ,Other,0,No,No
-17511879.4514,8278401.0438,66,020071000336,2018-2019,AK,0200710,AK-45,Southwest Region School District,Chief Ivan Blunka School,29 Old Airport Way,?,New Stuyahok,AK,99636,    ,(907)693-3144,PK,12,Not Virtual,132,132,0,4,11,18,4,13,11,15,9,6,10,7,8,2,15,?,133,133,129,0,0,0,0,4,11.6000003814697,59.450367,-157.311933,43-Rural: Remote,Dillingham Census Area,11.5,1-Yes,1-Yes,71,58,0,0,0,0,0,0,0,0,0,0,3,1,74,59,1,?,?,Regular school,Currently operational ,Other,0,No,No
-17858441.5404,8192480.6185,67,020071000338,2018-2019,AK,0200710,AK-45,Southwest Region School District,Togiak School,50 Togiak School an,?,Togiak,AK,99678,    ,(907)493-5829,PK,12,Not Virtual,213,213,0,0,23,19,18,25,17,14,22,15,19,20,7,5,9,?,213,213,205,0,0,1,0,7,18.8500003814697,59.055898,-160.425249,43-Rural: Remote,Dillingham Census Area,11.3,1-Yes,1-Yes,94,111,0,0,0,0,0,0,0,1,0,0,4,3,98,115,1,?,?,Regular school,Currently operational ,Other,0,No,No
-17530224.3382,8256350.9892,68,020071000465,2018-2019,AK,0200710,AK-45,Southwest Region School District,William "Sonny" Nelson School,#5 Ekwok School Rd,?,Ekwok,AK,99580,    ,(907)464-3344,PK,12,Not Virtual,16,16,0,0,3,1,1,2,3,0,0,4,2,0,0,0,0,?,16,16,13,1,0,0,0,2,2,59.349757,-157.476732,43-Rural: Remote,Dillingham Census Area,8,1-Yes,1-Yes,7,6,0,0,0,1,0,0,0,0,0,0,0,2,7,9,1,?,?,Regular school,Currently operational ,Other,0,No,No
